individual,genotype
1,A1A1
2,A1A1
3,A1A1
4,A2A1
5,A2A1
6,A1A1
7,A1A1
8,A1A2
9,A1A2
10,A1A1
11,A2A1
12,A1A1
13,A1A1
14,A1A1
15,A2A2
16,A2A1
17,A1A1
18,A1A1
19,A1A1
20,A1A2
21,A1A1
22,A1A1
23,A1A1
24,A2A1
25,A1A2
26,A1A1
27,A2A1
28,A1A1
29,A1A1
30,A2A1
31,A1A2
32,A2A1
33,A2A1
34,A2A1
35,A2A2
36,A2A1
37,A2A1
38,A1A1
39,A1A1
40,A1A1
41,A1A2
42,A1A1
43,A1A2
44,A1A1
45,A2A2
46,A2A1
47,A1A1
48,A2A1
49,A2A1
50,A1A1
51,A1A1
52,A1A2
53,A1A1
54,A1A1
55,A2A1
56,A1A1
57,A1A2
58,A1A2
59,A1A1
60,A1A2
61,A1A1
62,A1A1
63,A1A2
64,A1A1
65,A1A2
66,A1A1
67,A1A1
68,A1A1
69,A1A1
70,A1A1
71,A2A1
72,A1A1
73,A1A2
74,A1A1
75,A1A1
76,A2A2
77,A1A1
78,A1A1
79,A1A2
80,A2A2
81,A1A1
82,A1A1
83,A1A2
84,A1A2
85,A2A1
86,A1A1
87,A1A1
88,A1A2
89,A1A1
90,A2A1
91,A1A1
92,A1A1
93,A1A2
94,A1A1
95,A1A1
96,A1A1
97,A1A1
98,A1A2
99,A1A1
100,A2A1
