"","genotype","survive"
"1",0,1
"2",0,0
"3",0,1
"4",0,1
"5",0,1
"6",0,1
"7",0,1
"8",0,1
"9",0,0
"10",0,0
"11",0,1
"12",0,1
"13",0,1
"14",0,0
"15",0,0
"16",0,0
"17",0,1
"18",0,1
"19",0,1
"20",0,0
"21",0,1
"22",0,1
"23",0,1
"24",0,0
"25",0,0
"26",0,0
"27",0,0
"28",0,0
"29",0,1
"30",0,1
"31",0,0
"32",0,0
"33",0,1
"34",0,0
"35",0,1
"36",0,1
"37",0,0
"38",0,1
"39",0,0
"40",0,1
"41",0,1
"42",0,0
"43",0,1
"44",0,1
"45",0,1
"46",0,1
"47",0,1
"48",0,0
"49",0,0
"50",0,1
"51",1,0
"52",1,1
"53",1,1
"54",1,0
"55",1,1
"56",1,0
"57",1,1
"58",1,1
"59",1,1
"60",1,0
"61",1,1
"62",1,0
"63",1,1
"64",1,1
"65",1,1
"66",1,1
"67",1,0
"68",1,1
"69",1,1
"70",1,1
"71",1,1
"72",1,1
"73",1,0
"74",1,0
"75",1,1
"76",1,1
"77",1,0
"78",1,1
"79",1,1
"80",1,1
"81",1,0
"82",1,1
"83",1,0
"84",1,1
"85",1,0
"86",1,1
"87",1,1
"88",1,1
"89",1,1
"90",1,1
"91",1,1
"92",1,1
"93",1,1
"94",1,1
"95",1,1
"96",1,1
"97",1,1
"98",1,1
"99",1,1
"100",1,1
"101",1,1
"102",1,1
"103",1,1
"104",1,1
"105",1,0
"106",1,1
"107",1,0
"108",1,1
"109",1,0
"110",1,1
"111",2,1
"112",2,0
"113",2,1
"114",2,1
"115",2,1
"116",2,1
"117",2,1
"118",2,0
"119",2,1
"120",2,1
"121",2,1
"122",2,1
"123",2,1
"124",2,1
"125",2,1
"126",2,1
"127",2,1
"128",2,1
"129",2,1
"130",2,1
"131",2,1
"132",2,1
"133",2,1
"134",2,1
"135",2,1
"136",2,1
"137",2,0
"138",2,1
"139",2,1
"140",2,1
"141",2,1
"142",2,1
"143",2,1
"144",2,1
"145",2,0
"146",2,1
"147",2,1
"148",2,1
"149",2,1
"150",2,1
"151",2,1
"152",2,1
"153",2,1
"154",2,1
"155",2,1
"156",2,0
"157",2,1
"158",2,1
"159",2,1
"160",2,1
